--
-- PostgreSQL database dump
--

\restrict KX1KnXwx8x1bbrYu8gim2MSUV4w4v46iwqTGeK9pUmEW8Q2vr9favN3krUDNVFH

-- Dumped from database version 14.19 (Ubuntu 14.19-0ubuntu0.22.04.1)
-- Dumped by pg_dump version 14.19 (Ubuntu 14.19-0ubuntu0.22.04.1)

SET statement_timeout = 0;
SET lock_timeout = 0;
SET idle_in_transaction_session_timeout = 0;
SET client_encoding = 'UTF8';
SET standard_conforming_strings = on;
SELECT pg_catalog.set_config('search_path', '', false);
SET check_function_bodies = false;
SET xmloption = content;
SET client_min_messages = warning;
SET row_security = off;

SET default_tablespace = '';

SET default_table_access_method = heap;

--
-- Name: application_additionalservice; Type: TABLE; Schema: public; Owner: tema
--

CREATE TABLE public.application_additionalservice (
    id bigint NOT NULL,
    name character varying(255) NOT NULL,
    description text,
    price numeric(10,2) NOT NULL,
    is_active boolean NOT NULL,
    created_at timestamp with time zone NOT NULL,
    updated_at timestamp with time zone NOT NULL,
    "order" integer NOT NULL,
    type character varying(20) NOT NULL,
    payment_type character varying(20) NOT NULL,
    option character varying(100) NOT NULL
);


ALTER TABLE public.application_additionalservice OWNER TO tema;

--
-- Name: application_additionalservice_id_seq; Type: SEQUENCE; Schema: public; Owner: tema
--

ALTER TABLE public.application_additionalservice ALTER COLUMN id ADD GENERATED BY DEFAULT AS IDENTITY (
    SEQUENCE NAME public.application_additionalservice_id_seq
    START WITH 1
    INCREMENT BY 1
    NO MINVALUE
    NO MAXVALUE
    CACHE 1
);


--
-- Name: application_application; Type: TABLE; Schema: public; Owner: tema
--

CREATE TABLE public.application_application (
    id bigint NOT NULL,
    status character varying(20) NOT NULL,
    created_at timestamp with time zone NOT NULL,
    manufacturer_id bigint,
    service_id bigint,
    additional_notes text,
    budget_estimated_price character varying(255),
    contact_email character varying(254),
    contact_phone character varying(20),
    customer_id bigint,
    interested_factories text,
    needs_tourist_program character varying(255),
    order_volume character varying(255),
    planned_arrival_dates character varying(255),
    planned_stay_days character varying(255),
    product_description text,
    production_delivery_time character varying(255),
    quantity_to_see character varying(255),
    segment character varying(255),
    segment_category character varying(255),
    special_requirements text,
    updated_at timestamp with time zone NOT NULL,
    user_id bigint,
    work_purpose text,
    package_id bigint
);


ALTER TABLE public.application_application OWNER TO tema;

--
-- Name: application_applicationadditionalservice_id_seq; Type: SEQUENCE; Schema: public; Owner: tema
--

ALTER TABLE public.application_application ALTER COLUMN id ADD GENERATED BY DEFAULT AS IDENTITY (
    SEQUENCE NAME public.application_applicationadditionalservice_id_seq
    START WITH 1
    INCREMENT BY 1
    NO MINVALUE
    NO MAXVALUE
    CACHE 1
);


--
-- Name: application_botuser; Type: TABLE; Schema: public; Owner: tema
--

CREATE TABLE public.application_botuser (
    id bigint NOT NULL,
    telegram_id bigint,
    first_name character varying(150),
    phone_number character varying(20),
    created_at timestamp with time zone NOT NULL,
    is_bot boolean NOT NULL,
    language_code character varying(10),
    last_name character varying(150),
    username character varying(150),
    type character varying(20) NOT NULL,
    is_active boolean NOT NULL
);


ALTER TABLE public.application_botuser OWNER TO tema;

--
-- Name: application_botuser_id_seq; Type: SEQUENCE; Schema: public; Owner: tema
--

ALTER TABLE public.application_botuser ALTER COLUMN id ADD GENERATED BY DEFAULT AS IDENTITY (
    SEQUENCE NAME public.application_botuser_id_seq
    START WITH 1
    INCREMENT BY 1
    NO MINVALUE
    NO MAXVALUE
    CACHE 1
);


--
-- Name: application_customer; Type: TABLE; Schema: public; Owner: tema
--

CREATE TABLE public.application_customer (
    id bigint NOT NULL,
    full_name character varying(255) NOT NULL,
    "position" character varying(100) NOT NULL,
    company_name character varying(255) NOT NULL,
    website character varying,
    legal_address text NOT NULL,
    marketplace_brand character varying(255) NOT NULL,
    annual_order_volume character varying(100) NOT NULL,
    segment character varying(100) NOT NULL,
    cooperation_terms character varying(250) NOT NULL,
    payment_terms character varying(250) NOT NULL,
    created_at timestamp with time zone NOT NULL,
    user_id bigint NOT NULL,
    phone character varying(30),
    total_orders integer NOT NULL,
    updated_at timestamp with time zone NOT NULL
);


ALTER TABLE public.application_customer OWNER TO tema;

--
-- Name: application_customer_id_seq; Type: SEQUENCE; Schema: public; Owner: tema
--

ALTER TABLE public.application_customer ALTER COLUMN id ADD GENERATED BY DEFAULT AS IDENTITY (
    SEQUENCE NAME public.application_customer_id_seq
    START WITH 1
    INCREMENT BY 1
    NO MINVALUE
    NO MAXVALUE
    CACHE 1
);


--
-- Name: application_manufacturer; Type: TABLE; Schema: public; Owner: tema
--

CREATE TABLE public.application_manufacturer (
    id bigint NOT NULL,
    company_name character varying(255) NOT NULL,
    market_experience character varying(100) NOT NULL,
    full_name character varying(255) NOT NULL,
    "position" character varying(100) NOT NULL,
    min_order_quantity character varying(100) NOT NULL,
    commercial_offer_text text NOT NULL,
    commercial_offer character varying(100),
    production_address text NOT NULL,
    office_address text NOT NULL,
    website character varying(100),
    has_quality_control boolean NOT NULL,
    has_crm boolean NOT NULL,
    has_erp boolean NOT NULL,
    has_gemini_gerber boolean NOT NULL,
    employee_count integer NOT NULL,
    owns_building boolean NOT NULL,
    has_power_issues boolean NOT NULL,
    has_credit_load boolean NOT NULL,
    organization_structure text NOT NULL,
    equipment_info text NOT NULL,
    created_at timestamp with time zone NOT NULL,
    user_id bigint NOT NULL,
    certificate character varying(100),
    phone character varying(30),
    status character varying(20) NOT NULL,
    "order" integer NOT NULL,
    updated_at timestamp with time zone NOT NULL
);


ALTER TABLE public.application_manufacturer OWNER TO tema;

--
-- Name: application_manufacturer_id_seq; Type: SEQUENCE; Schema: public; Owner: tema
--

ALTER TABLE public.application_manufacturer ALTER COLUMN id ADD GENERATED BY DEFAULT AS IDENTITY (
    SEQUENCE NAME public.application_manufacturer_id_seq
    START WITH 1
    INCREMENT BY 1
    NO MINVALUE
    NO MAXVALUE
    CACHE 1
);


--
-- Name: application_manufacturer_product_segment; Type: TABLE; Schema: public; Owner: tema
--

CREATE TABLE public.application_manufacturer_product_segment (
    id bigint NOT NULL,
    manufacturer_id bigint NOT NULL,
    segment_id bigint NOT NULL
);


ALTER TABLE public.application_manufacturer_product_segment OWNER TO tema;

--
-- Name: application_manufacturer_product_segment_id_seq; Type: SEQUENCE; Schema: public; Owner: tema
--

ALTER TABLE public.application_manufacturer_product_segment ALTER COLUMN id ADD GENERATED BY DEFAULT AS IDENTITY (
    SEQUENCE NAME public.application_manufacturer_product_segment_id_seq
    START WITH 1
    INCREMENT BY 1
    NO MINVALUE
    NO MAXVALUE
    CACHE 1
);


--
-- Name: application_offer; Type: TABLE; Schema: public; Owner: tema
--

CREATE TABLE public.application_offer (
    id bigint NOT NULL,
    created_at timestamp with time zone NOT NULL,
    updated_at timestamp with time zone NOT NULL,
    status character varying(20) NOT NULL,
    application_id bigint,
    customer_id bigint,
    manufacturer_id bigint,
    service_id bigint NOT NULL,
    user_id bigint NOT NULL
);


ALTER TABLE public.application_offer OWNER TO tema;

--
-- Name: application_offer_id_seq; Type: SEQUENCE; Schema: public; Owner: tema
--

ALTER TABLE public.application_offer ALTER COLUMN id ADD GENERATED BY DEFAULT AS IDENTITY (
    SEQUENCE NAME public.application_offer_id_seq
    START WITH 1
    INCREMENT BY 1
    NO MINVALUE
    NO MAXVALUE
    CACHE 1
);


--
-- Name: application_package; Type: TABLE; Schema: public; Owner: tema
--

CREATE TABLE public.application_package (
    id bigint NOT NULL,
    name character varying(255) NOT NULL,
    banner character varying(100),
    created_at timestamp with time zone NOT NULL,
    updated_at timestamp with time zone NOT NULL,
    "order" integer NOT NULL,
    description text
);


ALTER TABLE public.application_package OWNER TO tema;

--
-- Name: application_package_id_seq; Type: SEQUENCE; Schema: public; Owner: tema
--

ALTER TABLE public.application_package ALTER COLUMN id ADD GENERATED BY DEFAULT AS IDENTITY (
    SEQUENCE NAME public.application_package_id_seq
    START WITH 1
    INCREMENT BY 1
    NO MINVALUE
    NO MAXVALUE
    CACHE 1
);


--
-- Name: application_packageitem; Type: TABLE; Schema: public; Owner: tema
--

CREATE TABLE public.application_packageitem (
    id bigint NOT NULL,
    name character varying(255) NOT NULL,
    package_id bigint NOT NULL,
    created_at timestamp with time zone NOT NULL,
    updated_at timestamp with time zone NOT NULL,
    "order" integer NOT NULL
);


ALTER TABLE public.application_packageitem OWNER TO tema;

--
-- Name: application_packageitem_id_seq; Type: SEQUENCE; Schema: public; Owner: tema
--

ALTER TABLE public.application_packageitem ALTER COLUMN id ADD GENERATED BY DEFAULT AS IDENTITY (
    SEQUENCE NAME public.application_packageitem_id_seq
    START WITH 1
    INCREMENT BY 1
    NO MINVALUE
    NO MAXVALUE
    CACHE 1
);


--
-- Name: application_segment; Type: TABLE; Schema: public; Owner: tema
--

CREATE TABLE public.application_segment (
    id bigint NOT NULL,
    created_at timestamp with time zone NOT NULL,
    updated_at timestamp with time zone NOT NULL,
    title character varying(255) NOT NULL
);


ALTER TABLE public.application_segment OWNER TO tema;

--
-- Name: application_segment_id_seq; Type: SEQUENCE; Schema: public; Owner: tema
--

ALTER TABLE public.application_segment ALTER COLUMN id ADD GENERATED BY DEFAULT AS IDENTITY (
    SEQUENCE NAME public.application_segment_id_seq
    START WITH 1
    INCREMENT BY 1
    NO MINVALUE
    NO MAXVALUE
    CACHE 1
);


--
-- Name: application_slider; Type: TABLE; Schema: public; Owner: tema
--

CREATE TABLE public.application_slider (
    id bigint NOT NULL,
    title character varying(255) NOT NULL,
    description text NOT NULL,
    image character varying(100) NOT NULL,
    is_active boolean NOT NULL,
    created_at timestamp with time zone NOT NULL,
    updated_at timestamp with time zone NOT NULL,
    "order" integer NOT NULL
);


ALTER TABLE public.application_slider OWNER TO tema;

--
-- Name: application_slider_id_seq; Type: SEQUENCE; Schema: public; Owner: tema
--

ALTER TABLE public.application_slider ALTER COLUMN id ADD GENERATED BY DEFAULT AS IDENTITY (
    SEQUENCE NAME public.application_slider_id_seq
    START WITH 1
    INCREMENT BY 1
    NO MINVALUE
    NO MAXVALUE
    CACHE 1
);


--
-- Name: application_temporarycontact; Type: TABLE; Schema: public; Owner: tema
--

CREATE TABLE public.application_temporarycontact (
    id bigint NOT NULL,
    phone_number character varying(128) NOT NULL,
    contact_id character varying(128),
    deal_id character varying(128),
    created_at timestamp with time zone NOT NULL,
    updated_at timestamp with time zone NOT NULL
);


ALTER TABLE public.application_temporarycontact OWNER TO tema;

--
-- Name: application_temporarycontact_id_seq; Type: SEQUENCE; Schema: public; Owner: tema
--

ALTER TABLE public.application_temporarycontact ALTER COLUMN id ADD GENERATED BY DEFAULT AS IDENTITY (
    SEQUENCE NAME public.application_temporarycontact_id_seq
    START WITH 1
    INCREMENT BY 1
    NO MINVALUE
    NO MAXVALUE
    CACHE 1
);


--
-- Name: application_userapply; Type: TABLE; Schema: public; Owner: tema
--

CREATE TABLE public.application_userapply (
    id bigint NOT NULL,
    service_id bigint NOT NULL,
    user_id bigint NOT NULL,
    created_at timestamp with time zone NOT NULL,
    updated_at timestamp with time zone NOT NULL
);


ALTER TABLE public.application_userapply OWNER TO tema;

--
-- Name: application_userapply_id_seq; Type: SEQUENCE; Schema: public; Owner: tema
--

ALTER TABLE public.application_userapply ALTER COLUMN id ADD GENERATED BY DEFAULT AS IDENTITY (
    SEQUENCE NAME public.application_userapply_id_seq
    START WITH 1
    INCREMENT BY 1
    NO MINVALUE
    NO MAXVALUE
    CACHE 1
);


--
-- Name: auth_group; Type: TABLE; Schema: public; Owner: tema
--

CREATE TABLE public.auth_group (
    id integer NOT NULL,
    name character varying(150) NOT NULL
);


ALTER TABLE public.auth_group OWNER TO tema;

--
-- Name: auth_group_id_seq; Type: SEQUENCE; Schema: public; Owner: tema
--

ALTER TABLE public.auth_group ALTER COLUMN id ADD GENERATED BY DEFAULT AS IDENTITY (
    SEQUENCE NAME public.auth_group_id_seq
    START WITH 1
    INCREMENT BY 1
    NO MINVALUE
    NO MAXVALUE
    CACHE 1
);


--
-- Name: auth_group_permissions; Type: TABLE; Schema: public; Owner: tema
--

CREATE TABLE public.auth_group_permissions (
    id bigint NOT NULL,
    group_id integer NOT NULL,
    permission_id integer NOT NULL
);


ALTER TABLE public.auth_group_permissions OWNER TO tema;

--
-- Name: auth_group_permissions_id_seq; Type: SEQUENCE; Schema: public; Owner: tema
--

ALTER TABLE public.auth_group_permissions ALTER COLUMN id ADD GENERATED BY DEFAULT AS IDENTITY (
    SEQUENCE NAME public.auth_group_permissions_id_seq
    START WITH 1
    INCREMENT BY 1
    NO MINVALUE
    NO MAXVALUE
    CACHE 1
);


--
-- Name: auth_permission; Type: TABLE; Schema: public; Owner: tema
--

CREATE TABLE public.auth_permission (
    id integer NOT NULL,
    name character varying(255) NOT NULL,
    content_type_id integer NOT NULL,
    codename character varying(100) NOT NULL
);


ALTER TABLE public.auth_permission OWNER TO tema;

--
-- Name: auth_permission_id_seq; Type: SEQUENCE; Schema: public; Owner: tema
--

ALTER TABLE public.auth_permission ALTER COLUMN id ADD GENERATED BY DEFAULT AS IDENTITY (
    SEQUENCE NAME public.auth_permission_id_seq
    START WITH 1
    INCREMENT BY 1
    NO MINVALUE
    NO MAXVALUE
    CACHE 1
);


--
-- Name: django_admin_log; Type: TABLE; Schema: public; Owner: tema
--

CREATE TABLE public.django_admin_log (
    id integer NOT NULL,
    action_time timestamp with time zone NOT NULL,
    object_id text,
    object_repr character varying(200) NOT NULL,
    action_flag smallint NOT NULL,
    change_message text NOT NULL,
    content_type_id integer,
    user_id bigint NOT NULL,
    CONSTRAINT django_admin_log_action_flag_check CHECK ((action_flag >= 0))
);


ALTER TABLE public.django_admin_log OWNER TO tema;

--
-- Name: django_admin_log_id_seq; Type: SEQUENCE; Schema: public; Owner: tema
--

ALTER TABLE public.django_admin_log ALTER COLUMN id ADD GENERATED BY DEFAULT AS IDENTITY (
    SEQUENCE NAME public.django_admin_log_id_seq
    START WITH 1
    INCREMENT BY 1
    NO MINVALUE
    NO MAXVALUE
    CACHE 1
);


--
-- Name: django_content_type; Type: TABLE; Schema: public; Owner: tema
--

CREATE TABLE public.django_content_type (
    id integer NOT NULL,
    app_label character varying(100) NOT NULL,
    model character varying(100) NOT NULL
);


ALTER TABLE public.django_content_type OWNER TO tema;

--
-- Name: django_content_type_id_seq; Type: SEQUENCE; Schema: public; Owner: tema
--

ALTER TABLE public.django_content_type ALTER COLUMN id ADD GENERATED BY DEFAULT AS IDENTITY (
    SEQUENCE NAME public.django_content_type_id_seq
    START WITH 1
    INCREMENT BY 1
    NO MINVALUE
    NO MAXVALUE
    CACHE 1
);


--
-- Name: django_migrations; Type: TABLE; Schema: public; Owner: tema
--

CREATE TABLE public.django_migrations (
    id bigint NOT NULL,
    app character varying(255) NOT NULL,
    name character varying(255) NOT NULL,
    applied timestamp with time zone NOT NULL
);


ALTER TABLE public.django_migrations OWNER TO tema;

--
-- Name: django_migrations_id_seq; Type: SEQUENCE; Schema: public; Owner: tema
--

ALTER TABLE public.django_migrations ALTER COLUMN id ADD GENERATED BY DEFAULT AS IDENTITY (
    SEQUENCE NAME public.django_migrations_id_seq
    START WITH 1
    INCREMENT BY 1
    NO MINVALUE
    NO MAXVALUE
    CACHE 1
);


--
-- Name: django_session; Type: TABLE; Schema: public; Owner: tema
--

CREATE TABLE public.django_session (
    session_key character varying(40) NOT NULL,
    session_data text NOT NULL,
    expire_date timestamp with time zone NOT NULL
);


ALTER TABLE public.django_session OWNER TO tema;

--
-- Name: user_user; Type: TABLE; Schema: public; Owner: tema
--

CREATE TABLE public.user_user (
    id bigint NOT NULL,
    password character varying(128) NOT NULL,
    last_login timestamp with time zone,
    is_superuser boolean NOT NULL,
    username character varying(150) NOT NULL,
    first_name character varying(150) NOT NULL,
    last_name character varying(150) NOT NULL,
    email character varying(254) NOT NULL,
    is_staff boolean NOT NULL,
    is_active boolean NOT NULL,
    date_joined timestamp with time zone NOT NULL,
    phone character varying(20),
    created_at timestamp with time zone,
    telegram_id bigint,
    telegram_username character varying(150)
);


ALTER TABLE public.user_user OWNER TO tema;

--
-- Name: user_user_groups; Type: TABLE; Schema: public; Owner: tema
--

CREATE TABLE public.user_user_groups (
    id bigint NOT NULL,
    user_id bigint NOT NULL,
    group_id integer NOT NULL
);


ALTER TABLE public.user_user_groups OWNER TO tema;

--
-- Name: user_user_groups_id_seq; Type: SEQUENCE; Schema: public; Owner: tema
--

ALTER TABLE public.user_user_groups ALTER COLUMN id ADD GENERATED BY DEFAULT AS IDENTITY (
    SEQUENCE NAME public.user_user_groups_id_seq
    START WITH 1
    INCREMENT BY 1
    NO MINVALUE
    NO MAXVALUE
    CACHE 1
);


--
-- Name: user_user_id_seq; Type: SEQUENCE; Schema: public; Owner: tema
--

ALTER TABLE public.user_user ALTER COLUMN id ADD GENERATED BY DEFAULT AS IDENTITY (
    SEQUENCE NAME public.user_user_id_seq
    START WITH 1
    INCREMENT BY 1
    NO MINVALUE
    NO MAXVALUE
    CACHE 1
);


--
-- Name: user_user_user_permissions; Type: TABLE; Schema: public; Owner: tema
--

CREATE TABLE public.user_user_user_permissions (
    id bigint NOT NULL,
    user_id bigint NOT NULL,
    permission_id integer NOT NULL
);


ALTER TABLE public.user_user_user_permissions OWNER TO tema;

--
-- Name: user_user_user_permissions_id_seq; Type: SEQUENCE; Schema: public; Owner: tema
--

ALTER TABLE public.user_user_user_permissions ALTER COLUMN id ADD GENERATED BY DEFAULT AS IDENTITY (
    SEQUENCE NAME public.user_user_user_permissions_id_seq
    START WITH 1
    INCREMENT BY 1
    NO MINVALUE
    NO MAXVALUE
    CACHE 1
);


--
-- Data for Name: application_additionalservice; Type: TABLE DATA; Schema: public; Owner: tema
--

COPY public.application_additionalservice (id, name, description, price, is_active, created_at, updated_at, "order", type, payment_type, option) FROM stdin;
5	Заводской выбор	Выберите фабрику из списка фабрик	100.00	t	2025-09-08 05:52:32.423062+00	2025-09-10 11:37:26.01844+00	0	customer	one_time	select_factory
1	Видеообзор	Для видеокомментариев	300.00	t	2025-09-08 05:41:21.800837+00	2025-09-10 11:37:41.429132+00	1	manufacturer	one_time	video_review
4	Размещение заказа	Оформить заказ	100.00	t	2025-09-08 05:51:40.767159+00	2025-09-10 11:38:00.769475+00	2	customer	one_time	place_order
2	Пригласить менеджера по продажам	Пригласить менеджера по продажам	500.00	t	2025-09-08 05:42:13.385164+00	2025-09-10 11:38:37.050769+00	2	manufacturer	one_time	invite_manager
6	Зарегистрируйтесь для онлайн-B2B	Встреча с директором завода через Google Meet	100.00	t	2025-09-08 05:53:35.886683+00	2025-09-10 11:38:51.275897+00	3	customer	one_time	online_b2b
3	Обучение работе с веревкой	Обучение работе с веревкой	500.00	t	2025-09-08 05:43:54.856056+00	2025-09-10 11:39:07.231051+00	3	manufacturer	monthly	training_reps
7	Заказ туров на фабрики	Заказать тур	100.00	t	2025-09-08 05:54:45.08656+00	2025-09-10 11:39:22.656039+00	4	customer	one_time	custom_order
\.


--
-- Data for Name: application_application; Type: TABLE DATA; Schema: public; Owner: tema
--

COPY public.application_application (id, status, created_at, manufacturer_id, service_id, additional_notes, budget_estimated_price, contact_email, contact_phone, customer_id, interested_factories, needs_tourist_program, order_volume, planned_arrival_dates, planned_stay_days, product_description, production_delivery_time, quantity_to_see, segment, segment_category, special_requirements, updated_at, user_id, work_purpose, package_id) FROM stdin;
4	in_progress	2025-09-08 09:31:53.380522+00	\N	\N	\N	\N	\N	\N	\N	Jakak	Jakaka	\N	Jajjaka	Ajkaa	\N	\N	Jkaka	\N	\N	\N	2025-09-08 09:31:53.380853+00	\N	Bannaa	2
5	in_progress	2025-09-08 09:41:46.539223+00	\N	7	\N	\N	\N	\N	\N	webfwefhjb	kbwfwe	\N	kbwefwe	wbfeweb	\N	\N	hwbfwehb	\N	\N	\N	2025-09-08 09:41:46.539434+00	\N	hjebfwehb	3
8	in_progress	2025-09-08 09:45:40.17614+00	\N	\N		\N	\N	\N	\N	Annanma	Anam	\N	Ajkaka	Namama		\N	Namma	\N	\N		2025-09-08 11:49:55.706068+00	\N	Ns	1
12	in_progress	2025-09-09 09:51:50.243288+00	\N	7	\N	\N	\N	\N	\N	Snsnsn	Wnwnnwnw	\N	Annsns	Ansnsn	\N	\N	Wjwjjw	\N	\N	\N	2025-09-09 09:51:50.243591+00	\N	Ali	3
19	in_progress	2025-09-09 12:35:15.535375+00	\N	\N	\N	\N	\N	\N	\N	Kydd	Ktxmgxgmxkys	\N	Tskmgzgmskyd	Kyss	\N	\N	H.zh,gmzkgzky	\N	\N	\N	2025-09-09 12:35:15.535704+00	\N	Xkyx	3
21	in_progress	2025-09-10 06:56:50.506584+00	\N	\N	\N	\N	\N	\N	\N			\N			\N	\N		\N	\N	\N	2025-09-10 06:56:50.506852+00	\N		1
22	in_progress	2025-09-10 08:37:16.938213+00	\N	7	\N	\N	\N	\N	\N	Zbzn	Znzn	\N	Znzn	Znzn	\N	\N	Znzn	\N	\N	\N	2025-09-10 08:37:16.938552+00	\N	Bbxnx	1
26	in_progress	2025-09-10 11:09:12.502528+00	\N	7	\N	\N	\N	\N	\N	Anama	Anama	\N	Anamam	Anamma	\N	\N	Mamma	\N	\N	\N	2025-09-10 11:09:12.502789+00	\N	Jamam	1
27	in_progress	2025-09-10 11:10:59.535902+00	\N	7	\N	\N	\N	\N	\N			\N			\N	\N		\N	\N	\N	2025-09-10 11:10:59.536274+00	\N		1
28	in_progress	2025-09-10 11:11:06.637988+00	\N	7	\N	\N	\N	\N	\N			\N			\N	\N		\N	\N	\N	2025-09-10 11:11:06.638202+00	\N		3
30	in_progress	2025-09-10 11:50:17.690321+00	\N	7	\N	\N	\N	\N	\N			\N			\N	\N		\N	\N	\N	2025-09-10 11:50:17.690535+00	\N		1
31	in_progress	2025-09-10 11:50:32.876595+00	\N	7	\N	\N	\N	\N	\N			\N			\N	\N		\N	\N	\N	2025-09-10 11:50:32.876808+00	\N		2
32	in_progress	2025-09-10 11:51:57.73046+00	\N	7	\N	\N	\N	\N	\N			\N			\N	\N		\N	\N	\N	2025-09-10 11:51:57.7307+00	\N		2
\.


--
-- Data for Name: application_botuser; Type: TABLE DATA; Schema: public; Owner: tema
--

COPY public.application_botuser (id, telegram_id, first_name, phone_number, created_at, is_bot, language_code, last_name, username, type, is_active) FROM stdin;
18	252310948	Саида Ахад		2025-09-10 18:13:00.788+00	f	ru		saida_akhad	customer	t
19	285551252	Миржалол Норкулов		2025-09-10 18:25:17.63+00	f	en		Mirjalol555	customer	t
20	6821717615	Mukaddas		2025-09-10 18:46:43.987+00	f	tr	Yokubjonova	mukaddas_yokubjonova	customer	t
21	904270887	Bakhtiyor Ergashev		2025-09-11 11:27:13.202+00	f	en		baxtikdev	customer	t
25	296875296	Aydos		2025-09-11 16:08:51.86+00	f	en		sankibayev	customer	t
26	907970844	Iroda		2025-09-12 09:55:06.909+00	f	ru	Xayriddinovna	iroda_ex	customer	t
27	1363350178	Temur		2025-09-24 08:13:35.949+00	f	uz			customer	t
\.


--
-- Data for Name: application_customer; Type: TABLE DATA; Schema: public; Owner: tema
--

COPY public.application_customer (id, full_name, "position", company_name, website, legal_address, marketplace_brand, annual_order_volume, segment, cooperation_terms, payment_terms, created_at, user_id, phone, total_orders, updated_at) FROM stdin;
9	Ismatulla	Ceo	Uic	Uic.uz	Tashkent	Dms	13	Sebr	Sjs	Click	2025-09-11 11:28:30.871363+00	21	+998901321921	12	2025-09-11 11:28:30.871567+00
13	мирхамидова саида	директор	текс про	текс про уз	наманган	сантия	1000000	джинсы	тадликл	пост оплата	2025-09-12 07:27:59.71184+00	18	+75581665123	-1	2025-09-12 07:27:59.712037+00
15	Tema	Bzxb	Zbbz	https://exam.com	Djjz	Znz	Dbdk	Dkdk	Dkdn	Dnk	2025-09-24 08:21:38.802869+00	27	+998949998877	3	2025-09-24 08:21:38.803125+00
\.


--
-- Data for Name: application_manufacturer; Type: TABLE DATA; Schema: public; Owner: tema
--

COPY public.application_manufacturer (id, company_name, market_experience, full_name, "position", min_order_quantity, commercial_offer_text, commercial_offer, production_address, office_address, website, has_quality_control, has_crm, has_erp, has_gemini_gerber, employee_count, owns_building, has_power_issues, has_credit_load, organization_structure, equipment_info, created_at, user_id, certificate, phone, status, "order", updated_at) FROM stdin;
7	wefwfwef	wefwefwef	wefwefwe	ewfewfwef	wfwefew	wefwefwfew		wefewfew	wefewfw	\N	f	f	f	f	0	f	f	f	director	wefewfew	2025-09-11 16:14:58.860699+00	25		\N	in_progress	0	2025-09-11 16:14:58.860979+00
\.


--
-- Data for Name: application_manufacturer_product_segment; Type: TABLE DATA; Schema: public; Owner: tema
--

COPY public.application_manufacturer_product_segment (id, manufacturer_id, segment_id) FROM stdin;
\.


--
-- Data for Name: application_offer; Type: TABLE DATA; Schema: public; Owner: tema
--

COPY public.application_offer (id, created_at, updated_at, status, application_id, customer_id, manufacturer_id, service_id, user_id) FROM stdin;
\.


--
-- Data for Name: application_package; Type: TABLE DATA; Schema: public; Owner: tema
--

COPY public.application_package (id, name, banner, created_at, updated_at, "order", description) FROM stdin;
2	Рост	packages/download_Kpt2WzO.jpg	2025-09-08 06:24:57.007612+00	2025-09-08 09:28:55.918719+00	2	Продвинутый пакет
3	Экспорт	packages/raccoon-4377383_1280_YB8gKWa.jpg	2025-09-08 06:29:30.667057+00	2025-09-09 10:03:03.607324+00	3	Максимальный пакет
1	Старт	packages/320-400x300_N2TjQeu.jpg	2025-09-08 06:19:28.658244+00	2025-09-09 10:03:03.609052+00	1	Базавий пакет
\.


--
-- Data for Name: application_packageitem; Type: TABLE DATA; Schema: public; Owner: tema
--

COPY public.application_packageitem (id, name, package_id, created_at, updated_at, "order") FROM stdin;
1	Базовая аналитика по просмотрам профиля	1	2025-09-08 06:19:28.694514+00	2025-09-08 06:19:28.69886+00	6
2	Размещение в каталоге «проверенных фабрик»	1	2025-09-08 06:19:28.694755+00	2025-09-08 06:19:28.699615+00	1
3	Верификация (досье: персонал, финплан, QC)	1	2025-09-08 06:19:28.694931+00	2025-09-08 06:19:28.700038+00	2
4	Доступ к входящим запросам от селлеров/закупщиков	1	2025-09-08 06:19:28.695044+00	2025-09-08 06:19:28.700424+00	3
5	Юридическая гарантия сделки через платформу	1	2025-09-08 06:19:28.695152+00	2025-09-08 06:19:28.700828+00	4
6	Штрафные механизмы в случае невыполнения обязательств	1	2025-09-08 06:19:28.695248+00	2025-09-08 06:19:28.701211+00	5
7	Ежемесячный отчёт о лидах + рекомендации по улучшению продаж	2	2025-09-08 06:24:57.04291+00	2025-09-08 06:24:57.046368+00	6
8	Всё из пакета «Старт» +	2	2025-09-08 06:24:57.043151+00	2025-09-08 06:24:57.04706+00	1
9	Продвижение в топе каталога (приоритетное размещение)	2	2025-09-08 06:24:57.043274+00	2025-09-08 06:24:57.047498+00	2
10	Персональный менеджер по продажам (если нет своего)	2	2025-09-08 06:24:57.043386+00	2025-09-08 06:24:57.047918+00	3
11	Подготовка коммерческих предложений под запросы клиентов	2	2025-09-08 06:24:57.043482+00	2025-09-08 06:24:57.048333+00	4
12	Фото/видео-презентация фабрики (1 раз/год)	2	2025-09-08 06:24:57.04364+00	2025-09-08 06:24:57.048764+00	5
13	Индивидуальные маркетинговые кампании для фабрики	3	2025-09-08 06:29:30.668286+00	2025-09-08 06:29:30.671292+00	7
14	Всё из пакета «Рост» +	3	2025-09-08 06:29:30.668461+00	2025-09-08 06:29:30.671825+00	1
15	Участие в международных онлайн- и офлайн-выставках (через платформу)	3	2025-09-08 06:29:30.668575+00	2025-09-08 06:29:30.672242+00	2
16	Личный аккаунт-менеджер (24/7 коммуникация)	3	2025-09-08 06:29:30.668681+00	2025-09-08 06:29:30.672625+00	3
17	Продвижение в соцсетях платформы (Instagram, LinkedIn, Telegram)	3	2025-09-08 06:29:30.668777+00	2025-09-08 06:29:30.672981+00	4
18	Поддержка и переговоры с крупными байерами (юридическая помощь + переводчик)	3	2025-09-08 06:29:30.668872+00	2025-09-08 06:29:30.673333+00	5
19	Предоставление QC-сервиса на месте (доплата по себестоимости, но с приоритетом)	3	2025-09-08 06:29:30.668963+00	2025-09-08 06:29:30.673703+00	6
\.


--
-- Data for Name: application_segment; Type: TABLE DATA; Schema: public; Owner: tema
--

COPY public.application_segment (id, created_at, updated_at, title) FROM stdin;
1	2025-09-23 17:29:22.730515+00	2025-09-23 17:29:22.730875+00	Сумки
2	2025-09-23 17:29:33.088875+00	2025-09-23 17:29:33.089249+00	Шарфы
\.


--
-- Data for Name: application_slider; Type: TABLE DATA; Schema: public; Owner: tema
--

COPY public.application_slider (id, title, description, image, is_active, created_at, updated_at, "order") FROM stdin;
2	Step Into Style	Discover the latest streetwear trends made for comfort and confidence. Shop now!	sliders/download_uO8GIy4.jpg	t	2025-09-08 05:19:41.761708+00	2025-09-08 09:51:44.746952+00	1
3	Upgrade Your Workflow	Boost productivity with our all-in-one platform designed for modern teams. Try it free today!"	sliders/raccoon-4377383_1280_g3GDG64.jpg	t	2025-09-08 05:19:58.979402+00	2025-09-08 09:51:50.749738+00	2
4	Hungry? We Got You	Fresh meals from your favorite restaurants delivered straight to your door. Fast, hot, and tasty.	sliders/antelope-6908215_1280_Gh3bXst.jpg	t	2025-09-08 09:51:18.021074+00	2025-09-08 09:51:56.0662+00	0
\.


--
-- Data for Name: application_temporarycontact; Type: TABLE DATA; Schema: public; Owner: tema
--

COPY public.application_temporarycontact (id, phone_number, contact_id, deal_id, created_at, updated_at) FROM stdin;
2	+998900000000	15	17	2025-09-08 10:13:01.425137+00	2025-09-08 10:13:02.863103+00
3	+998996331210	17	19	2025-09-08 10:14:12.478526+00	2025-09-08 10:14:13.473772+00
4	+	19	21	2025-09-08 11:12:33.012434+00	2025-09-08 11:12:34.424617+00
5	+998949400505	21	23	2025-09-08 14:51:16.662213+00	2025-09-08 14:51:18.062808+00
6	+998901321921	23	25	2025-09-09 09:50:23.267737+00	2025-09-09 09:50:25.00768+00
7	+998913056242	25	27	2025-09-10 09:28:42.751949+00	2025-09-10 09:28:44.684002+00
8	+99891305624	27	29	2025-09-10 10:48:48.694619+00	2025-09-10 10:48:50.070879+00
9	+75581665123	29	31	2025-09-12 07:27:59.732061+00	2025-09-12 07:28:02.028653+00
10	+998901111111	31	33	2025-09-24 08:14:55.299819+00	2025-09-24 08:14:58.026836+00
11	+998949998877	7	7	2025-09-24 08:21:38.869066+00	2025-09-24 08:21:39.83361+00
\.


--
-- Data for Name: application_userapply; Type: TABLE DATA; Schema: public; Owner: tema
--

COPY public.application_userapply (id, service_id, user_id, created_at, updated_at) FROM stdin;
\.


--
-- Data for Name: auth_group; Type: TABLE DATA; Schema: public; Owner: tema
--

COPY public.auth_group (id, name) FROM stdin;
\.


--
-- Data for Name: auth_group_permissions; Type: TABLE DATA; Schema: public; Owner: tema
--

COPY public.auth_group_permissions (id, group_id, permission_id) FROM stdin;
\.


--
-- Data for Name: auth_permission; Type: TABLE DATA; Schema: public; Owner: tema
--

COPY public.auth_permission (id, name, content_type_id, codename) FROM stdin;
1	Can add log entry	1	add_logentry
2	Can change log entry	1	change_logentry
3	Can delete log entry	1	delete_logentry
4	Can view log entry	1	view_logentry
5	Can add permission	2	add_permission
6	Can change permission	2	change_permission
7	Can delete permission	2	delete_permission
8	Can view permission	2	view_permission
9	Can add group	3	add_group
10	Can change group	3	change_group
11	Can delete group	3	delete_group
12	Can view group	3	view_group
13	Can add content type	4	add_contenttype
14	Can change content type	4	change_contenttype
15	Can delete content type	4	delete_contenttype
16	Can view content type	4	view_contenttype
17	Can add session	5	add_session
18	Can change session	5	change_session
19	Can delete session	5	delete_session
20	Can view session	5	view_session
21	Can add User	6	add_user
22	Can change User	6	change_user
23	Can delete User	6	delete_user
24	Can view User	6	view_user
25	Can add Заказчик	7	add_customer
26	Can change Заказчик	7	change_customer
27	Can delete Заказчик	7	delete_customer
28	Can view Заказчик	7	view_customer
29	Can add Производитель	8	add_manufacturer
30	Can change Производитель	8	change_manufacturer
31	Can delete Производитель	8	delete_manufacturer
32	Can view Производитель	8	view_manufacturer
33	Can add Дополнительная услуга	9	add_additionalservice
34	Can change Дополнительная услуга	9	change_additionalservice
35	Can delete Дополнительная услуга	9	delete_additionalservice
36	Can view Дополнительная услуга	9	view_additionalservice
37	Can add Временный контакт	10	add_temporarycontact
38	Can change Временный контакт	10	change_temporarycontact
39	Can delete Временный контакт	10	delete_temporarycontact
40	Can view Временный контакт	10	view_temporarycontact
41	Can add Пользователь бота	11	add_botuser
42	Can change Пользователь бота	11	change_botuser
43	Can delete Пользователь бота	11	delete_botuser
44	Can view Пользователь бота	11	view_botuser
45	Can add Заявка пользователя	12	add_userapply
46	Can change Заявка пользователя	12	change_userapply
47	Can delete Заявка пользователя	12	delete_userapply
48	Can view Заявка пользователя	12	view_userapply
49	Can add Слайдер	13	add_slider
50	Can change Слайдер	13	change_slider
51	Can delete Слайдер	13	delete_slider
52	Can view Слайдер	13	view_slider
53	Can add Заявка	14	add_application
54	Can change Заявка	14	change_application
55	Can delete Заявка	14	delete_application
56	Can view Заявка	14	view_application
57	Can add Пакет	15	add_package
58	Can change Пакет	15	change_package
59	Can delete Пакет	15	delete_package
60	Can view Пакет	15	view_package
61	Can add Услуга пакета	16	add_packageitem
62	Can change Услуга пакета	16	change_packageitem
63	Can delete Услуга пакета	16	delete_packageitem
64	Can view Услуга пакета	16	view_packageitem
65	Can add Оффер	17	add_offer
66	Can change Оффер	17	change_offer
67	Can delete Оффер	17	delete_offer
68	Can view Оффер	17	view_offer
69	Can add segment	18	add_segment
70	Can change segment	18	change_segment
71	Can delete segment	18	delete_segment
72	Can view segment	18	view_segment
\.


--
-- Data for Name: django_admin_log; Type: TABLE DATA; Schema: public; Owner: tema
--

COPY public.django_admin_log (id, action_time, object_id, object_repr, action_flag, change_message, content_type_id, user_id) FROM stdin;
1	2025-09-08 05:11:00.873419+00	1	fdg	1	[{"added": {}}]	13	1
2	2025-09-08 05:11:08.007669+00	1	fdg	3		13	1
3	2025-09-08 05:19:41.763836+00	2	test	1	[{"added": {}}]	13	1
4	2025-09-08 05:19:59.015028+00	3	test	1	[{"added": {}}]	13	1
5	2025-09-08 05:35:25.07087+00	3	test	2	[{"changed": {"fields": ["\\u0418\\u0437\\u043e\\u0431\\u0440\\u0430\\u0436\\u0435\\u043d\\u0438\\u0435"]}}]	13	1
6	2025-09-08 05:39:26.232246+00	2	test	2	[{"changed": {"fields": ["\\u0418\\u0437\\u043e\\u0431\\u0440\\u0430\\u0436\\u0435\\u043d\\u0438\\u0435"]}}]	13	1
7	2025-09-08 05:41:21.802873+00	1	Video sharh	1	[{"added": {}}]	9	1
8	2025-09-08 05:42:13.38715+00	2	Sotuv menejerini taklif qilish	1	[{"added": {}}]	9	1
9	2025-09-08 05:43:54.857972+00	3	Roplarni o'qitish	1	[{"added": {}}]	9	1
10	2025-09-08 05:51:40.768843+00	4	Buyurtma joylashtirish	1	[{"added": {}}]	9	1
11	2025-09-08 05:52:32.424881+00	5	Fabrika tanlash	1	[{"added": {}}]	9	1
12	2025-09-08 05:53:35.88843+00	6	Online B@B ga yozilish	1	[{"added": {}}]	9	1
13	2025-09-08 05:53:42.743423+00	4	Buyurtma joylashtirish	2	[{"changed": {"fields": ["\\u041f\\u043e\\u0440\\u044f\\u0434\\u043a\\u043e\\u0432\\u044b\\u0439 \\u043d\\u043e\\u043c\\u0435\\u0440"]}}]	9	1
14	2025-09-08 05:54:45.088398+00	7	fabrikalarga tur buyurtma qilish	1	[{"added": {}}]	9	1
15	2025-09-08 06:05:09.163791+00	2	Textile shop	2	[{"changed": {"fields": ["\\u0417\\u0430\\u0433\\u043e\\u043b\\u043e\\u0432\\u043e\\u043a", "\\u041e\\u043f\\u0438\\u0441\\u0430\\u043d\\u0438\\u0435"]}}]	13	1
16	2025-09-08 06:06:13.000984+00	2	To'qimachilik uskunalari	2	[{"changed": {"fields": ["\\u0417\\u0430\\u0433\\u043e\\u043b\\u043e\\u0432\\u043e\\u043a", "\\u041e\\u043f\\u0438\\u0441\\u0430\\u043d\\u0438\\u0435"]}}]	13	1
17	2025-09-08 06:06:33.85714+00	3	Textile shop	2	[{"changed": {"fields": ["\\u0417\\u0430\\u0433\\u043e\\u043b\\u043e\\u0432\\u043e\\u043a", "\\u041e\\u043f\\u0438\\u0441\\u0430\\u043d\\u0438\\u0435"]}}]	13	1
18	2025-09-08 06:19:28.702717+00	1	Старт	1	[{"added": {}}, {"added": {"name": "\\u0423\\u0441\\u043b\\u0443\\u0433\\u0430 \\u043f\\u0430\\u043a\\u0435\\u0442\\u0430", "object": "PackageItem object (1)"}}, {"added": {"name": "\\u0423\\u0441\\u043b\\u0443\\u0433\\u0430 \\u043f\\u0430\\u043a\\u0435\\u0442\\u0430", "object": "PackageItem object (2)"}}, {"added": {"name": "\\u0423\\u0441\\u043b\\u0443\\u0433\\u0430 \\u043f\\u0430\\u043a\\u0435\\u0442\\u0430", "object": "PackageItem object (3)"}}, {"added": {"name": "\\u0423\\u0441\\u043b\\u0443\\u0433\\u0430 \\u043f\\u0430\\u043a\\u0435\\u0442\\u0430", "object": "PackageItem object (4)"}}, {"added": {"name": "\\u0423\\u0441\\u043b\\u0443\\u0433\\u0430 \\u043f\\u0430\\u043a\\u0435\\u0442\\u0430", "object": "PackageItem object (5)"}}, {"added": {"name": "\\u0423\\u0441\\u043b\\u0443\\u0433\\u0430 \\u043f\\u0430\\u043a\\u0435\\u0442\\u0430", "object": "PackageItem object (6)"}}]	15	1
19	2025-09-08 06:24:57.050294+00	2	Рост	1	[{"added": {}}, {"added": {"name": "\\u0423\\u0441\\u043b\\u0443\\u0433\\u0430 \\u043f\\u0430\\u043a\\u0435\\u0442\\u0430", "object": "PackageItem object (7)"}}, {"added": {"name": "\\u0423\\u0441\\u043b\\u0443\\u0433\\u0430 \\u043f\\u0430\\u043a\\u0435\\u0442\\u0430", "object": "PackageItem object (8)"}}, {"added": {"name": "\\u0423\\u0441\\u043b\\u0443\\u0433\\u0430 \\u043f\\u0430\\u043a\\u0435\\u0442\\u0430", "object": "PackageItem object (9)"}}, {"added": {"name": "\\u0423\\u0441\\u043b\\u0443\\u0433\\u0430 \\u043f\\u0430\\u043a\\u0435\\u0442\\u0430", "object": "PackageItem object (10)"}}, {"added": {"name": "\\u0423\\u0441\\u043b\\u0443\\u0433\\u0430 \\u043f\\u0430\\u043a\\u0435\\u0442\\u0430", "object": "PackageItem object (11)"}}, {"added": {"name": "\\u0423\\u0441\\u043b\\u0443\\u0433\\u0430 \\u043f\\u0430\\u043a\\u0435\\u0442\\u0430", "object": "PackageItem object (12)"}}]	15	1
20	2025-09-08 06:29:30.674288+00	3	Экспорт	1	[{"added": {}}, {"added": {"name": "\\u0423\\u0441\\u043b\\u0443\\u0433\\u0430 \\u043f\\u0430\\u043a\\u0435\\u0442\\u0430", "object": "PackageItem object (13)"}}, {"added": {"name": "\\u0423\\u0441\\u043b\\u0443\\u0433\\u0430 \\u043f\\u0430\\u043a\\u0435\\u0442\\u0430", "object": "PackageItem object (14)"}}, {"added": {"name": "\\u0423\\u0441\\u043b\\u0443\\u0433\\u0430 \\u043f\\u0430\\u043a\\u0435\\u0442\\u0430", "object": "PackageItem object (15)"}}, {"added": {"name": "\\u0423\\u0441\\u043b\\u0443\\u0433\\u0430 \\u043f\\u0430\\u043a\\u0435\\u0442\\u0430", "object": "PackageItem object (16)"}}, {"added": {"name": "\\u0423\\u0441\\u043b\\u0443\\u0433\\u0430 \\u043f\\u0430\\u043a\\u0435\\u0442\\u0430", "object": "PackageItem object (17)"}}, {"added": {"name": "\\u0423\\u0441\\u043b\\u0443\\u0433\\u0430 \\u043f\\u0430\\u043a\\u0435\\u0442\\u0430", "object": "PackageItem object (18)"}}, {"added": {"name": "\\u0423\\u0441\\u043b\\u0443\\u0433\\u0430 \\u043f\\u0430\\u043a\\u0435\\u0442\\u0430", "object": "PackageItem object (19)"}}]	15	1
21	2025-09-08 06:29:41.767999+00	1	Старт	2	[{"changed": {"fields": ["\\u0411\\u0430\\u043d\\u043d\\u0435\\u0440"]}}]	15	1
22	2025-09-08 06:42:27.624905+00	1	1363350178	3		8	1
23	2025-09-08 06:42:51.856842+00	1	BotUser object (1)	3		11	1
24	2025-09-08 06:46:13.286644+00	7	Fabrikalarga tur buyurtma qilish	2	[{"changed": {"fields": ["\\u041d\\u0430\\u0437\\u0432\\u0430\\u043d\\u0438\\u0435"]}}]	9	1
25	2025-09-08 07:40:53.710934+00	4	BotUser object (4)	3		11	1
26	2025-09-08 09:28:37.649589+00	1	Старт	2	[{"changed": {"fields": ["\\u0411\\u0430\\u043d\\u043d\\u0435\\u0440"]}}]	15	1
27	2025-09-08 09:28:46.387417+00	3	Экспорт	2	[{"changed": {"fields": ["\\u0411\\u0430\\u043d\\u043d\\u0435\\u0440"]}}]	15	1
28	2025-09-08 09:28:55.920169+00	2	Рост	2	[{"changed": {"fields": ["\\u0411\\u0430\\u043d\\u043d\\u0435\\u0440"]}}]	15	1
29	2025-09-08 09:49:38.198942+00	3	Upgrade Your Workflow 🚀	2	[{"changed": {"fields": ["\\u0417\\u0430\\u0433\\u043e\\u043b\\u043e\\u0432\\u043e\\u043a", "\\u041e\\u043f\\u0438\\u0441\\u0430\\u043d\\u0438\\u0435", "\\u0418\\u0437\\u043e\\u0431\\u0440\\u0430\\u0436\\u0435\\u043d\\u0438\\u0435"]}}]	13	1
30	2025-09-08 09:50:22.26229+00	2	Step Into Style 👟	2	[{"changed": {"fields": ["\\u0417\\u0430\\u0433\\u043e\\u043b\\u043e\\u0432\\u043e\\u043a", "\\u041e\\u043f\\u0438\\u0441\\u0430\\u043d\\u0438\\u0435", "\\u0418\\u0437\\u043e\\u0431\\u0440\\u0430\\u0436\\u0435\\u043d\\u0438\\u0435"]}}]	13	1
31	2025-09-08 09:51:18.058426+00	4	Hungry? We Got You 🍔	1	[{"added": {}}]	13	1
32	2025-09-08 09:51:44.74784+00	2	Step Into Style	2	[{"changed": {"fields": ["\\u0417\\u0430\\u0433\\u043e\\u043b\\u043e\\u0432\\u043e\\u043a"]}}]	13	1
33	2025-09-08 09:51:50.750618+00	3	Upgrade Your Workflow	2	[{"changed": {"fields": ["\\u0417\\u0430\\u0433\\u043e\\u043b\\u043e\\u0432\\u043e\\u043a"]}}]	13	1
34	2025-09-08 09:51:56.067109+00	4	Hungry? We Got You	2	[{"changed": {"fields": ["\\u0417\\u0430\\u0433\\u043e\\u043b\\u043e\\u0432\\u043e\\u043a"]}}]	13	1
35	2025-09-08 09:54:54.571594+00	1	+998935530338	3		10	1
36	2025-09-08 09:55:14.920631+00	5	BotUser object (5)	3		11	1
37	2025-09-08 10:05:04.698802+00	3	904270887	1	[{"added": {}}]	8	1
38	2025-09-08 10:14:10.127026+00	6	Online B2B ga yozilish	2	[{"changed": {"fields": ["\\u041d\\u0430\\u0437\\u0432\\u0430\\u043d\\u0438\\u0435"]}}]	9	1
39	2025-09-08 11:30:49.199029+00	7	Заявка #7	2	[{"added": {"name": "\\u041e\\u0444\\u0444\\u0435\\u0440", "object": "296875296"}}]	14	1
40	2025-09-08 11:49:55.708147+00	8	Заявка #8	2	[{"added": {"name": "\\u041e\\u0444\\u0444\\u0435\\u0440", "object": "296875296"}}]	14	1
41	2025-09-09 10:02:48.546051+00	3	Экспорт	2	[{"changed": {"fields": ["\\u041f\\u043e\\u0440\\u044f\\u0434\\u043a\\u043e\\u0432\\u044b\\u0439 \\u043d\\u043e\\u043c\\u0435\\u0440"]}}]	15	1
42	2025-09-09 10:02:48.547938+00	1	Старт	2	[{"changed": {"fields": ["\\u041f\\u043e\\u0440\\u044f\\u0434\\u043a\\u043e\\u0432\\u044b\\u0439 \\u043d\\u043e\\u043c\\u0435\\u0440"]}}]	15	1
43	2025-09-09 10:03:03.608206+00	3	Экспорт	2	[{"changed": {"fields": ["\\u041f\\u043e\\u0440\\u044f\\u0434\\u043a\\u043e\\u0432\\u044b\\u0439 \\u043d\\u043e\\u043c\\u0435\\u0440"]}}]	15	1
44	2025-09-09 10:03:03.609691+00	1	Старт	2	[{"changed": {"fields": ["\\u041f\\u043e\\u0440\\u044f\\u0434\\u043a\\u043e\\u0432\\u044b\\u0439 \\u043d\\u043e\\u043c\\u0435\\u0440"]}}]	15	1
45	2025-09-10 09:26:28.45222+00	2	BotUser object (2)	3		11	1
46	2025-09-10 10:14:45.999574+00	13	BotUser object (13)	3		11	1
47	2025-09-10 11:37:26.020138+00	5	Заводской выбор	2	[{"changed": {"fields": ["\\u041d\\u0430\\u0437\\u0432\\u0430\\u043d\\u0438\\u0435", "\\u041e\\u043f\\u0438\\u0441\\u0430\\u043d\\u0438\\u0435"]}}]	9	1
48	2025-09-10 11:37:41.430291+00	1	Видеообзор	2	[{"changed": {"fields": ["\\u041d\\u0430\\u0437\\u0432\\u0430\\u043d\\u0438\\u0435", "\\u041e\\u043f\\u0438\\u0441\\u0430\\u043d\\u0438\\u0435"]}}]	9	1
49	2025-09-10 11:38:00.77056+00	4	Размещение заказа	2	[{"changed": {"fields": ["\\u041d\\u0430\\u0437\\u0432\\u0430\\u043d\\u0438\\u0435", "\\u041e\\u043f\\u0438\\u0441\\u0430\\u043d\\u0438\\u0435"]}}]	9	1
50	2025-09-10 11:38:37.051985+00	2	Пригласить менеджера по продажам	2	[{"changed": {"fields": ["\\u041d\\u0430\\u0437\\u0432\\u0430\\u043d\\u0438\\u0435", "\\u041e\\u043f\\u0438\\u0441\\u0430\\u043d\\u0438\\u0435"]}}]	9	1
51	2025-09-10 11:38:51.277002+00	6	Зарегистрируйтесь для онлайн-B2B	2	[{"changed": {"fields": ["\\u041d\\u0430\\u0437\\u0432\\u0430\\u043d\\u0438\\u0435", "\\u041e\\u043f\\u0438\\u0441\\u0430\\u043d\\u0438\\u0435"]}}]	9	1
52	2025-09-10 11:39:07.233098+00	3	Обучение работе с веревкой	2	[{"changed": {"fields": ["\\u041d\\u0430\\u0437\\u0432\\u0430\\u043d\\u0438\\u0435", "\\u041e\\u043f\\u0438\\u0441\\u0430\\u043d\\u0438\\u0435"]}}]	9	1
53	2025-09-10 11:39:22.657103+00	7	Заказ туров на фабрики	2	[{"changed": {"fields": ["\\u041d\\u0430\\u0437\\u0432\\u0430\\u043d\\u0438\\u0435", "\\u041e\\u043f\\u0438\\u0441\\u0430\\u043d\\u0438\\u0435"]}}]	9	1
54	2025-09-10 11:44:36.662821+00	8	BotUser object (8)	3		11	1
55	2025-09-10 16:20:16.679392+00	14	BotUser object (14)	3		11	1
56	2025-09-10 16:55:00.20154+00	16	BotUser object (16)	3		11	1
57	2025-09-10 16:55:03.494546+00	15	BotUser object (15)	3		11	1
58	2025-09-10 16:55:07.048792+00	12	BotUser object (12)	3		11	1
59	2025-09-10 16:55:10.663182+00	11	BotUser object (11)	3		11	1
60	2025-09-10 16:55:13.9119+00	10	BotUser object (10)	3		11	1
61	2025-09-10 16:55:16.936417+00	9	BotUser object (9)	3		11	1
62	2025-09-10 16:55:20.193454+00	7	BotUser object (7)	3		11	1
63	2025-09-10 16:55:23.621084+00	6	BotUser object (6)	3		11	1
64	2025-09-10 16:55:26.907356+00	3	BotUser object (3)	3		11	1
65	2025-09-10 16:55:30.384953+00	17	BotUser object (17)	3		11	1
66	2025-09-11 16:04:33.546491+00	22	BotUser object (22)	3		11	1
67	2025-09-11 16:05:40.113407+00	23	BotUser object (23)	3		11	1
68	2025-09-11 16:08:45.605132+00	24	BotUser object (24)	3		11	1
69	2025-09-11 16:18:13.849606+00	12	wefwefe	3		7	1
70	2025-09-23 17:29:22.732008+00	1	Сумки	1	[{"added": {}}]	18	1
71	2025-09-23 17:29:33.090915+00	2	Шарфы	1	[{"added": {}}]	18	1
72	2025-09-24 08:20:35.027428+00	14	Xkn	3		7	1
\.


--
-- Data for Name: django_content_type; Type: TABLE DATA; Schema: public; Owner: tema
--

COPY public.django_content_type (id, app_label, model) FROM stdin;
1	admin	logentry
2	auth	permission
3	auth	group
4	contenttypes	contenttype
5	sessions	session
6	user	user
7	application	customer
8	application	manufacturer
9	application	additionalservice
10	application	temporarycontact
11	application	botuser
12	application	userapply
13	application	slider
14	application	application
15	application	package
16	application	packageitem
17	application	offer
18	application	segment
\.


--
-- Data for Name: django_migrations; Type: TABLE DATA; Schema: public; Owner: tema
--

COPY public.django_migrations (id, app, name, applied) FROM stdin;
1	contenttypes	0001_initial	2025-09-08 05:09:32.529131+00
2	contenttypes	0002_remove_content_type_name	2025-09-08 05:09:32.533415+00
3	auth	0001_initial	2025-09-08 05:09:32.553824+00
4	auth	0002_alter_permission_name_max_length	2025-09-08 05:09:32.557409+00
5	auth	0003_alter_user_email_max_length	2025-09-08 05:09:32.561091+00
6	auth	0004_alter_user_username_opts	2025-09-08 05:09:32.564739+00
7	auth	0005_alter_user_last_login_null	2025-09-08 05:09:32.56864+00
8	auth	0006_require_contenttypes_0002	2025-09-08 05:09:32.569587+00
9	auth	0007_alter_validators_add_error_messages	2025-09-08 05:09:32.573129+00
10	auth	0008_alter_user_username_max_length	2025-09-08 05:09:32.576636+00
11	auth	0009_alter_user_last_name_max_length	2025-09-08 05:09:32.580913+00
12	auth	0010_alter_group_name_max_length	2025-09-08 05:09:32.584966+00
13	auth	0011_update_proxy_permissions	2025-09-08 05:09:32.588321+00
14	auth	0012_alter_user_first_name_max_length	2025-09-08 05:09:32.591632+00
15	user	0001_initial	2025-09-08 05:09:32.613097+00
16	admin	0001_initial	2025-09-08 05:09:32.624011+00
17	admin	0002_logentry_remove_auto_add	2025-09-08 05:09:32.628896+00
18	admin	0003_logentry_add_action_flag_choices	2025-09-08 05:09:32.633913+00
19	application	0001_initial	2025-09-08 05:09:32.655003+00
20	application	0002_alter_customer_cooperation_terms_and_more	2025-09-08 05:09:32.666604+00
21	application	0003_customer_phone_manufacturer_certificate_and_more	2025-09-08 05:09:32.684121+00
22	application	0004_manufacturer_status	2025-09-08 05:09:32.692588+00
23	application	0005_additionalservice	2025-09-08 05:09:32.696723+00
24	application	0006_applicationadditionalservice	2025-09-08 05:09:32.710457+00
25	application	0007_temporarycontact	2025-09-08 05:09:32.71343+00
26	application	0008_temporarycontact_created_at	2025-09-08 05:09:32.71591+00
27	application	0009_botuser_alter_customer_user_alter_manufacturer_user	2025-09-08 05:09:32.741308+00
28	application	0010_rename_telegram_username_botuser_first_name_and_more	2025-09-08 05:09:32.764135+00
29	application	0011_alter_additionalservice_options_and_more	2025-09-08 05:09:32.777285+00
30	application	0012_customer_total_orders_alter_customer_payment_terms	2025-09-08 05:09:32.784173+00
31	application	0013_remove_additionalservice_is_apply_userapply	2025-09-08 05:09:32.796281+00
32	application	0014_additionalservice_payment_type_and_more	2025-09-08 05:09:32.8023+00
33	application	0015_alter_additionalservice_type	2025-09-08 05:09:32.807775+00
34	application	0016_alter_additionalservice_payment_type	2025-09-08 05:09:32.811012+00
35	application	0017_alter_customer_options_alter_manufacturer_options	2025-09-08 05:09:32.819436+00
36	application	0018_botuser_is_active_alter_botuser_is_bot	2025-09-08 05:09:32.827667+00
37	application	0019_additionalservice_option_and_more	2025-09-08 05:09:32.833178+00
38	application	0020_slider	2025-09-08 05:09:32.83743+00
39	application	0021_manufacturer_order	2025-09-08 05:09:32.842673+00
40	application	0022_rename_applicationadditionalservice_application	2025-09-08 05:09:32.857605+00
41	application	0023_auto_20250905_0615	2025-09-08 05:09:32.858482+00
42	application	0024_package_alter_additionalservice_options_and_more	2025-09-08 05:09:33.333364+00
43	application	0025_customer_updated_at_manufacturer_updated_at_and_more	2025-09-08 05:09:33.379947+00
44	application	0026_package_order_packageitem_order	2025-09-08 05:09:33.387412+00
45	application	0027_alter_botuser_options	2025-09-08 05:09:33.392618+00
46	application	0028_alter_application_options_alter_packageitem_options_and_more	2025-09-08 05:09:33.410333+00
47	sessions	0001_initial	2025-09-08 05:09:33.416538+00
48	user	0002_user_created_at_user_telegram_id_and_more	2025-09-08 05:09:33.439774+00
49	application	0029_offer	2025-09-08 11:19:18.104046+00
50	application	0030_segment_remove_manufacturer_product_segment_and_more	2025-09-23 13:03:48.271121+00
\.


--
-- Data for Name: django_session; Type: TABLE DATA; Schema: public; Owner: tema
--

COPY public.django_session (session_key, session_data, expire_date) FROM stdin;
bgq768t2uf7rpma4s21z12acuu8npddk	.eJxVjEEOgkAMRe8yazOh1BmKS_eeYdJOi6AGEgZWxrsLCQvdvvf-f7vE69KntdicBnUXB-70y4Tz08Zd6IPH--TzNC7zIH5P_GGLv01qr-vR_h30XPpt3UmtSsFQYtVIPlcqAjXCxhAptxUFBoxMjAFaAyNjitqhUh20Aff5AupVN80:1uvU9M:8MaNef1eizNoefbEH73zP8002EHJEzRkoiFjg7LkO24	2025-09-22 05:10:44.795654+00
j6jn8vzsmjgnfdiz7yvlbevwlxru69py	.eJxVjEEOgkAMRe8yazOh1BmKS_eeYdJOi6AGEgZWxrsLCQvdvvf-f7vE69KntdicBnUXB-70y4Tz08Zd6IPH--TzNC7zIH5P_GGLv01qr-vR_h30XPpt3UmtSsFQYtVIPlcqAjXCxhAptxUFBoxMjAFaAyNjitqhUh20Aff5AupVN80:1uvYAj:FH3yT16mI_9KN6HJNHV42ySIePUMd01PjMOnV5Vpzr0	2025-09-22 09:28:25.618875+00
rvrfnp366d8dhiaiyzxr8xvfw9iimtpo	.eJxVjEEOgkAMRe8yazOh1BmKS_eeYdJOi6AGEgZWxrsLCQvdvvf-f7vE69KntdicBnUXB-70y4Tz08Zd6IPH--TzNC7zIH5P_GGLv01qr-vR_h30XPpt3UmtSsFQYtVIPlcqAjXCxhAptxUFBoxMjAFaAyNjitqhUh20Aff5AupVN80:1uvaN6:_u_fs5aR-lkKAaAC5aaU_Z8lRvaJ6c-2tmGWrlh4DC4	2025-09-22 11:49:20.22286+00
k6obww7f4h22ehhh0eekacseszjecspv	.eJxVjEEOgkAMRe8yazOh1BmKS_eeYdJOi6AGEgZWxrsLCQvdvvf-f7vE69KntdicBnUXB-70y4Tz08Zd6IPH--TzNC7zIH5P_GGLv01qr-vR_h30XPpt3UmtSsFQYtVIPlcqAjXCxhAptxUFBoxMjAFaAyNjitqhUh20Aff5AupVN80:1uvvZv:Tc4LvZGca43z5TCZWqinZPjynrc2EUu2GeMoZLpsGPo	2025-09-23 10:27:59.173279+00
dgt2m6cbahqfwp89cvn4ys1ifq6l7q8g	.eJxVjEEOgkAMRe8yazOh1BmKS_eeYdJOi6AGEgZWxrsLCQvdvvf-f7vE69KntdicBnUXB-70y4Tz08Zd6IPH--TzNC7zIH5P_GGLv01qr-vR_h30XPpt3UmtSsFQYtVIPlcqAjXCxhAptxUFBoxMjAFaAyNjitqhUh20Aff5AupVN80:1v12Z6:yx8SirU2tH7GoZXPavzow6QHs0QgFFzzx236z7YM0jc	2025-10-07 12:56:16.215904+00
\.


--
-- Data for Name: user_user; Type: TABLE DATA; Schema: public; Owner: tema
--

COPY public.user_user (id, password, last_login, is_superuser, username, first_name, last_name, email, is_staff, is_active, date_joined, phone, created_at, telegram_id, telegram_username) FROM stdin;
1	pbkdf2_sha256$1000000$DW2JEFwCX1yofMTnpicIqM$kCsDJ+9qZ37X8coInAfU2UwfF+c06fgbJmGAnO0Mbp8=	2025-09-23 12:56:16.213608+00	t	admin				t	t	2025-09-08 05:09:57.782382+00	\N	2025-09-08 05:09:58.349274+00	\N	\N
\.


--
-- Data for Name: user_user_groups; Type: TABLE DATA; Schema: public; Owner: tema
--

COPY public.user_user_groups (id, user_id, group_id) FROM stdin;
\.


--
-- Data for Name: user_user_user_permissions; Type: TABLE DATA; Schema: public; Owner: tema
--

COPY public.user_user_user_permissions (id, user_id, permission_id) FROM stdin;
\.


--
-- Name: application_additionalservice_id_seq; Type: SEQUENCE SET; Schema: public; Owner: tema
--

SELECT pg_catalog.setval('public.application_additionalservice_id_seq', 7, true);


--
-- Name: application_applicationadditionalservice_id_seq; Type: SEQUENCE SET; Schema: public; Owner: tema
--

SELECT pg_catalog.setval('public.application_applicationadditionalservice_id_seq', 32, true);


--
-- Name: application_botuser_id_seq; Type: SEQUENCE SET; Schema: public; Owner: tema
--

SELECT pg_catalog.setval('public.application_botuser_id_seq', 27, true);


--
-- Name: application_customer_id_seq; Type: SEQUENCE SET; Schema: public; Owner: tema
--

SELECT pg_catalog.setval('public.application_customer_id_seq', 15, true);


--
-- Name: application_manufacturer_id_seq; Type: SEQUENCE SET; Schema: public; Owner: tema
--

SELECT pg_catalog.setval('public.application_manufacturer_id_seq', 7, true);


--
-- Name: application_manufacturer_product_segment_id_seq; Type: SEQUENCE SET; Schema: public; Owner: tema
--

SELECT pg_catalog.setval('public.application_manufacturer_product_segment_id_seq', 1, false);


--
-- Name: application_offer_id_seq; Type: SEQUENCE SET; Schema: public; Owner: tema
--

SELECT pg_catalog.setval('public.application_offer_id_seq', 2, true);


--
-- Name: application_package_id_seq; Type: SEQUENCE SET; Schema: public; Owner: tema
--

SELECT pg_catalog.setval('public.application_package_id_seq', 3, true);


--
-- Name: application_packageitem_id_seq; Type: SEQUENCE SET; Schema: public; Owner: tema
--

SELECT pg_catalog.setval('public.application_packageitem_id_seq', 19, true);


--
-- Name: application_segment_id_seq; Type: SEQUENCE SET; Schema: public; Owner: tema
--

SELECT pg_catalog.setval('public.application_segment_id_seq', 2, true);


--
-- Name: application_slider_id_seq; Type: SEQUENCE SET; Schema: public; Owner: tema
--

SELECT pg_catalog.setval('public.application_slider_id_seq', 4, true);


--
-- Name: application_temporarycontact_id_seq; Type: SEQUENCE SET; Schema: public; Owner: tema
--

SELECT pg_catalog.setval('public.application_temporarycontact_id_seq', 11, true);


--
-- Name: application_userapply_id_seq; Type: SEQUENCE SET; Schema: public; Owner: tema
--

SELECT pg_catalog.setval('public.application_userapply_id_seq', 6, true);


--
-- Name: auth_group_id_seq; Type: SEQUENCE SET; Schema: public; Owner: tema
--

SELECT pg_catalog.setval('public.auth_group_id_seq', 1, false);


--
-- Name: auth_group_permissions_id_seq; Type: SEQUENCE SET; Schema: public; Owner: tema
--

SELECT pg_catalog.setval('public.auth_group_permissions_id_seq', 1, false);


--
-- Name: auth_permission_id_seq; Type: SEQUENCE SET; Schema: public; Owner: tema
--

SELECT pg_catalog.setval('public.auth_permission_id_seq', 72, true);


--
-- Name: django_admin_log_id_seq; Type: SEQUENCE SET; Schema: public; Owner: tema
--

SELECT pg_catalog.setval('public.django_admin_log_id_seq', 72, true);


--
-- Name: django_content_type_id_seq; Type: SEQUENCE SET; Schema: public; Owner: tema
--

SELECT pg_catalog.setval('public.django_content_type_id_seq', 18, true);


--
-- Name: django_migrations_id_seq; Type: SEQUENCE SET; Schema: public; Owner: tema
--

SELECT pg_catalog.setval('public.django_migrations_id_seq', 50, true);


--
-- Name: user_user_groups_id_seq; Type: SEQUENCE SET; Schema: public; Owner: tema
--

SELECT pg_catalog.setval('public.user_user_groups_id_seq', 1, false);


--
-- Name: user_user_id_seq; Type: SEQUENCE SET; Schema: public; Owner: tema
--

SELECT pg_catalog.setval('public.user_user_id_seq', 1, true);


--
-- Name: user_user_user_permissions_id_seq; Type: SEQUENCE SET; Schema: public; Owner: tema
--

SELECT pg_catalog.setval('public.user_user_user_permissions_id_seq', 1, false);


--
-- Name: application_additionalservice application_additionalservice_pkey; Type: CONSTRAINT; Schema: public; Owner: tema
--

ALTER TABLE ONLY public.application_additionalservice
    ADD CONSTRAINT application_additionalservice_pkey PRIMARY KEY (id);


--
-- Name: application_application application_applicationadditionalservice_pkey; Type: CONSTRAINT; Schema: public; Owner: tema
--

ALTER TABLE ONLY public.application_application
    ADD CONSTRAINT application_applicationadditionalservice_pkey PRIMARY KEY (id);


--
-- Name: application_botuser application_botuser_pkey; Type: CONSTRAINT; Schema: public; Owner: tema
--

ALTER TABLE ONLY public.application_botuser
    ADD CONSTRAINT application_botuser_pkey PRIMARY KEY (id);


--
-- Name: application_botuser application_botuser_telegram_id_key; Type: CONSTRAINT; Schema: public; Owner: tema
--

ALTER TABLE ONLY public.application_botuser
    ADD CONSTRAINT application_botuser_telegram_id_key UNIQUE (telegram_id);


--
-- Name: application_customer application_customer_pkey; Type: CONSTRAINT; Schema: public; Owner: tema
--

ALTER TABLE ONLY public.application_customer
    ADD CONSTRAINT application_customer_pkey PRIMARY KEY (id);


--
-- Name: application_customer application_customer_user_id_key; Type: CONSTRAINT; Schema: public; Owner: tema
--

ALTER TABLE ONLY public.application_customer
    ADD CONSTRAINT application_customer_user_id_key UNIQUE (user_id);


--
-- Name: application_manufacturer_product_segment application_manufacturer_manufacturer_id_segment__6287c742_uniq; Type: CONSTRAINT; Schema: public; Owner: tema
--

ALTER TABLE ONLY public.application_manufacturer_product_segment
    ADD CONSTRAINT application_manufacturer_manufacturer_id_segment__6287c742_uniq UNIQUE (manufacturer_id, segment_id);


--
-- Name: application_manufacturer application_manufacturer_pkey; Type: CONSTRAINT; Schema: public; Owner: tema
--

ALTER TABLE ONLY public.application_manufacturer
    ADD CONSTRAINT application_manufacturer_pkey PRIMARY KEY (id);


--
-- Name: application_manufacturer_product_segment application_manufacturer_product_segment_pkey; Type: CONSTRAINT; Schema: public; Owner: tema
--

ALTER TABLE ONLY public.application_manufacturer_product_segment
    ADD CONSTRAINT application_manufacturer_product_segment_pkey PRIMARY KEY (id);


--
-- Name: application_manufacturer application_manufacturer_user_id_key; Type: CONSTRAINT; Schema: public; Owner: tema
--

ALTER TABLE ONLY public.application_manufacturer
    ADD CONSTRAINT application_manufacturer_user_id_key UNIQUE (user_id);


--
-- Name: application_offer application_offer_pkey; Type: CONSTRAINT; Schema: public; Owner: tema
--

ALTER TABLE ONLY public.application_offer
    ADD CONSTRAINT application_offer_pkey PRIMARY KEY (id);


--
-- Name: application_package application_package_pkey; Type: CONSTRAINT; Schema: public; Owner: tema
--

ALTER TABLE ONLY public.application_package
    ADD CONSTRAINT application_package_pkey PRIMARY KEY (id);


--
-- Name: application_packageitem application_packageitem_pkey; Type: CONSTRAINT; Schema: public; Owner: tema
--

ALTER TABLE ONLY public.application_packageitem
    ADD CONSTRAINT application_packageitem_pkey PRIMARY KEY (id);


--
-- Name: application_segment application_segment_pkey; Type: CONSTRAINT; Schema: public; Owner: tema
--

ALTER TABLE ONLY public.application_segment
    ADD CONSTRAINT application_segment_pkey PRIMARY KEY (id);


--
-- Name: application_slider application_slider_pkey; Type: CONSTRAINT; Schema: public; Owner: tema
--

ALTER TABLE ONLY public.application_slider
    ADD CONSTRAINT application_slider_pkey PRIMARY KEY (id);


--
-- Name: application_temporarycontact application_temporarycontact_pkey; Type: CONSTRAINT; Schema: public; Owner: tema
--

ALTER TABLE ONLY public.application_temporarycontact
    ADD CONSTRAINT application_temporarycontact_pkey PRIMARY KEY (id);


--
-- Name: application_userapply application_userapply_pkey; Type: CONSTRAINT; Schema: public; Owner: tema
--

ALTER TABLE ONLY public.application_userapply
    ADD CONSTRAINT application_userapply_pkey PRIMARY KEY (id);


--
-- Name: auth_group auth_group_name_key; Type: CONSTRAINT; Schema: public; Owner: tema
--

ALTER TABLE ONLY public.auth_group
    ADD CONSTRAINT auth_group_name_key UNIQUE (name);


--
-- Name: auth_group_permissions auth_group_permissions_group_id_permission_id_0cd325b0_uniq; Type: CONSTRAINT; Schema: public; Owner: tema
--

ALTER TABLE ONLY public.auth_group_permissions
    ADD CONSTRAINT auth_group_permissions_group_id_permission_id_0cd325b0_uniq UNIQUE (group_id, permission_id);


--
-- Name: auth_group_permissions auth_group_permissions_pkey; Type: CONSTRAINT; Schema: public; Owner: tema
--

ALTER TABLE ONLY public.auth_group_permissions
    ADD CONSTRAINT auth_group_permissions_pkey PRIMARY KEY (id);


--
-- Name: auth_group auth_group_pkey; Type: CONSTRAINT; Schema: public; Owner: tema
--

ALTER TABLE ONLY public.auth_group
    ADD CONSTRAINT auth_group_pkey PRIMARY KEY (id);


--
-- Name: auth_permission auth_permission_content_type_id_codename_01ab375a_uniq; Type: CONSTRAINT; Schema: public; Owner: tema
--

ALTER TABLE ONLY public.auth_permission
    ADD CONSTRAINT auth_permission_content_type_id_codename_01ab375a_uniq UNIQUE (content_type_id, codename);


--
-- Name: auth_permission auth_permission_pkey; Type: CONSTRAINT; Schema: public; Owner: tema
--

ALTER TABLE ONLY public.auth_permission
    ADD CONSTRAINT auth_permission_pkey PRIMARY KEY (id);


--
-- Name: django_admin_log django_admin_log_pkey; Type: CONSTRAINT; Schema: public; Owner: tema
--

ALTER TABLE ONLY public.django_admin_log
    ADD CONSTRAINT django_admin_log_pkey PRIMARY KEY (id);


--
-- Name: django_content_type django_content_type_app_label_model_76bd3d3b_uniq; Type: CONSTRAINT; Schema: public; Owner: tema
--

ALTER TABLE ONLY public.django_content_type
    ADD CONSTRAINT django_content_type_app_label_model_76bd3d3b_uniq UNIQUE (app_label, model);


--
-- Name: django_content_type django_content_type_pkey; Type: CONSTRAINT; Schema: public; Owner: tema
--

ALTER TABLE ONLY public.django_content_type
    ADD CONSTRAINT django_content_type_pkey PRIMARY KEY (id);


--
-- Name: django_migrations django_migrations_pkey; Type: CONSTRAINT; Schema: public; Owner: tema
--

ALTER TABLE ONLY public.django_migrations
    ADD CONSTRAINT django_migrations_pkey PRIMARY KEY (id);


--
-- Name: django_session django_session_pkey; Type: CONSTRAINT; Schema: public; Owner: tema
--

ALTER TABLE ONLY public.django_session
    ADD CONSTRAINT django_session_pkey PRIMARY KEY (session_key);


--
-- Name: user_user_groups user_user_groups_pkey; Type: CONSTRAINT; Schema: public; Owner: tema
--

ALTER TABLE ONLY public.user_user_groups
    ADD CONSTRAINT user_user_groups_pkey PRIMARY KEY (id);


--
-- Name: user_user_groups user_user_groups_user_id_group_id_bb60391f_uniq; Type: CONSTRAINT; Schema: public; Owner: tema
--

ALTER TABLE ONLY public.user_user_groups
    ADD CONSTRAINT user_user_groups_user_id_group_id_bb60391f_uniq UNIQUE (user_id, group_id);


--
-- Name: user_user user_user_pkey; Type: CONSTRAINT; Schema: public; Owner: tema
--

ALTER TABLE ONLY public.user_user
    ADD CONSTRAINT user_user_pkey PRIMARY KEY (id);


--
-- Name: user_user user_user_telegram_id_key; Type: CONSTRAINT; Schema: public; Owner: tema
--

ALTER TABLE ONLY public.user_user
    ADD CONSTRAINT user_user_telegram_id_key UNIQUE (telegram_id);


--
-- Name: user_user_user_permissions user_user_user_permissions_pkey; Type: CONSTRAINT; Schema: public; Owner: tema
--

ALTER TABLE ONLY public.user_user_user_permissions
    ADD CONSTRAINT user_user_user_permissions_pkey PRIMARY KEY (id);


--
-- Name: user_user_user_permissions user_user_user_permissions_user_id_permission_id_64f4d5b8_uniq; Type: CONSTRAINT; Schema: public; Owner: tema
--

ALTER TABLE ONLY public.user_user_user_permissions
    ADD CONSTRAINT user_user_user_permissions_user_id_permission_id_64f4d5b8_uniq UNIQUE (user_id, permission_id);


--
-- Name: user_user user_user_username_key; Type: CONSTRAINT; Schema: public; Owner: tema
--

ALTER TABLE ONLY public.user_user
    ADD CONSTRAINT user_user_username_key UNIQUE (username);


--
-- Name: application_application_customer_id_63b77166; Type: INDEX; Schema: public; Owner: tema
--

CREATE INDEX application_application_customer_id_63b77166 ON public.application_application USING btree (customer_id);


--
-- Name: application_application_package_id_6e379d6b; Type: INDEX; Schema: public; Owner: tema
--

CREATE INDEX application_application_package_id_6e379d6b ON public.application_application USING btree (package_id);


--
-- Name: application_application_user_id_4a508f9e; Type: INDEX; Schema: public; Owner: tema
--

CREATE INDEX application_application_user_id_4a508f9e ON public.application_application USING btree (user_id);


--
-- Name: application_applicationadd_manufacturer_id_53a3da7c; Type: INDEX; Schema: public; Owner: tema
--

CREATE INDEX application_applicationadd_manufacturer_id_53a3da7c ON public.application_application USING btree (manufacturer_id);


--
-- Name: application_applicationadditionalservice_service_id_70c5b389; Type: INDEX; Schema: public; Owner: tema
--

CREATE INDEX application_applicationadditionalservice_service_id_70c5b389 ON public.application_application USING btree (service_id);


--
-- Name: application_manufacturer_p_manufacturer_id_445d8bfa; Type: INDEX; Schema: public; Owner: tema
--

CREATE INDEX application_manufacturer_p_manufacturer_id_445d8bfa ON public.application_manufacturer_product_segment USING btree (manufacturer_id);


--
-- Name: application_manufacturer_product_segment_segment_id_000090a6; Type: INDEX; Schema: public; Owner: tema
--

CREATE INDEX application_manufacturer_product_segment_segment_id_000090a6 ON public.application_manufacturer_product_segment USING btree (segment_id);


--
-- Name: application_offer_application_id_2612268e; Type: INDEX; Schema: public; Owner: tema
--

CREATE INDEX application_offer_application_id_2612268e ON public.application_offer USING btree (application_id);


--
-- Name: application_offer_customer_id_cc43181d; Type: INDEX; Schema: public; Owner: tema
--

CREATE INDEX application_offer_customer_id_cc43181d ON public.application_offer USING btree (customer_id);


--
-- Name: application_offer_manufacturer_id_68e10085; Type: INDEX; Schema: public; Owner: tema
--

CREATE INDEX application_offer_manufacturer_id_68e10085 ON public.application_offer USING btree (manufacturer_id);


--
-- Name: application_offer_service_id_16aa717e; Type: INDEX; Schema: public; Owner: tema
--

CREATE INDEX application_offer_service_id_16aa717e ON public.application_offer USING btree (service_id);


--
-- Name: application_offer_user_id_54155202; Type: INDEX; Schema: public; Owner: tema
--

CREATE INDEX application_offer_user_id_54155202 ON public.application_offer USING btree (user_id);


--
-- Name: application_packageitem_package_id_661c320f; Type: INDEX; Schema: public; Owner: tema
--

CREATE INDEX application_packageitem_package_id_661c320f ON public.application_packageitem USING btree (package_id);


--
-- Name: application_userapply_service_id_6f228e9e; Type: INDEX; Schema: public; Owner: tema
--

CREATE INDEX application_userapply_service_id_6f228e9e ON public.application_userapply USING btree (service_id);


--
-- Name: application_userapply_user_id_aaf63b0e; Type: INDEX; Schema: public; Owner: tema
--

CREATE INDEX application_userapply_user_id_aaf63b0e ON public.application_userapply USING btree (user_id);


--
-- Name: auth_group_name_a6ea08ec_like; Type: INDEX; Schema: public; Owner: tema
--

CREATE INDEX auth_group_name_a6ea08ec_like ON public.auth_group USING btree (name varchar_pattern_ops);


--
-- Name: auth_group_permissions_group_id_b120cbf9; Type: INDEX; Schema: public; Owner: tema
--

CREATE INDEX auth_group_permissions_group_id_b120cbf9 ON public.auth_group_permissions USING btree (group_id);


--
-- Name: auth_group_permissions_permission_id_84c5c92e; Type: INDEX; Schema: public; Owner: tema
--

CREATE INDEX auth_group_permissions_permission_id_84c5c92e ON public.auth_group_permissions USING btree (permission_id);


--
-- Name: auth_permission_content_type_id_2f476e4b; Type: INDEX; Schema: public; Owner: tema
--

CREATE INDEX auth_permission_content_type_id_2f476e4b ON public.auth_permission USING btree (content_type_id);


--
-- Name: django_admin_log_content_type_id_c4bce8eb; Type: INDEX; Schema: public; Owner: tema
--

CREATE INDEX django_admin_log_content_type_id_c4bce8eb ON public.django_admin_log USING btree (content_type_id);


--
-- Name: django_admin_log_user_id_c564eba6; Type: INDEX; Schema: public; Owner: tema
--

CREATE INDEX django_admin_log_user_id_c564eba6 ON public.django_admin_log USING btree (user_id);


--
-- Name: django_session_expire_date_a5c62663; Type: INDEX; Schema: public; Owner: tema
--

CREATE INDEX django_session_expire_date_a5c62663 ON public.django_session USING btree (expire_date);


--
-- Name: django_session_session_key_c0390e0f_like; Type: INDEX; Schema: public; Owner: tema
--

CREATE INDEX django_session_session_key_c0390e0f_like ON public.django_session USING btree (session_key varchar_pattern_ops);


--
-- Name: user_user_groups_group_id_c57f13c0; Type: INDEX; Schema: public; Owner: tema
--

CREATE INDEX user_user_groups_group_id_c57f13c0 ON public.user_user_groups USING btree (group_id);


--
-- Name: user_user_groups_user_id_13f9a20d; Type: INDEX; Schema: public; Owner: tema
--

CREATE INDEX user_user_groups_user_id_13f9a20d ON public.user_user_groups USING btree (user_id);


--
-- Name: user_user_user_permissions_permission_id_ce49d4de; Type: INDEX; Schema: public; Owner: tema
--

CREATE INDEX user_user_user_permissions_permission_id_ce49d4de ON public.user_user_user_permissions USING btree (permission_id);


--
-- Name: user_user_user_permissions_user_id_31782f58; Type: INDEX; Schema: public; Owner: tema
--

CREATE INDEX user_user_user_permissions_user_id_31782f58 ON public.user_user_user_permissions USING btree (user_id);


--
-- Name: user_user_username_e2bdfe0c_like; Type: INDEX; Schema: public; Owner: tema
--

CREATE INDEX user_user_username_e2bdfe0c_like ON public.user_user USING btree (username varchar_pattern_ops);


--
-- Name: application_application application_applicat_customer_id_63b77166_fk_applicati; Type: FK CONSTRAINT; Schema: public; Owner: tema
--

ALTER TABLE ONLY public.application_application
    ADD CONSTRAINT application_applicat_customer_id_63b77166_fk_applicati FOREIGN KEY (customer_id) REFERENCES public.application_customer(id) DEFERRABLE INITIALLY DEFERRED;


--
-- Name: application_application application_applicat_manufacturer_id_573a4fe9_fk_applicati; Type: FK CONSTRAINT; Schema: public; Owner: tema
--

ALTER TABLE ONLY public.application_application
    ADD CONSTRAINT application_applicat_manufacturer_id_573a4fe9_fk_applicati FOREIGN KEY (manufacturer_id) REFERENCES public.application_manufacturer(id) DEFERRABLE INITIALLY DEFERRED;


--
-- Name: application_application application_applicat_package_id_6e379d6b_fk_applicati; Type: FK CONSTRAINT; Schema: public; Owner: tema
--

ALTER TABLE ONLY public.application_application
    ADD CONSTRAINT application_applicat_package_id_6e379d6b_fk_applicati FOREIGN KEY (package_id) REFERENCES public.application_package(id) DEFERRABLE INITIALLY DEFERRED;


--
-- Name: application_application application_applicat_service_id_bfd98186_fk_applicati; Type: FK CONSTRAINT; Schema: public; Owner: tema
--

ALTER TABLE ONLY public.application_application
    ADD CONSTRAINT application_applicat_service_id_bfd98186_fk_applicati FOREIGN KEY (service_id) REFERENCES public.application_additionalservice(id) DEFERRABLE INITIALLY DEFERRED;


--
-- Name: application_application application_applicat_user_id_4a508f9e_fk_applicati; Type: FK CONSTRAINT; Schema: public; Owner: tema
--

ALTER TABLE ONLY public.application_application
    ADD CONSTRAINT application_applicat_user_id_4a508f9e_fk_applicati FOREIGN KEY (user_id) REFERENCES public.application_botuser(id) DEFERRABLE INITIALLY DEFERRED;


--
-- Name: application_customer application_customer_user_id_1e85b419_fk_application_botuser_id; Type: FK CONSTRAINT; Schema: public; Owner: tema
--

ALTER TABLE ONLY public.application_customer
    ADD CONSTRAINT application_customer_user_id_1e85b419_fk_application_botuser_id FOREIGN KEY (user_id) REFERENCES public.application_botuser(id) DEFERRABLE INITIALLY DEFERRED;


--
-- Name: application_manufacturer_product_segment application_manufact_manufacturer_id_445d8bfa_fk_applicati; Type: FK CONSTRAINT; Schema: public; Owner: tema
--

ALTER TABLE ONLY public.application_manufacturer_product_segment
    ADD CONSTRAINT application_manufact_manufacturer_id_445d8bfa_fk_applicati FOREIGN KEY (manufacturer_id) REFERENCES public.application_manufacturer(id) DEFERRABLE INITIALLY DEFERRED;


--
-- Name: application_manufacturer_product_segment application_manufact_segment_id_000090a6_fk_applicati; Type: FK CONSTRAINT; Schema: public; Owner: tema
--

ALTER TABLE ONLY public.application_manufacturer_product_segment
    ADD CONSTRAINT application_manufact_segment_id_000090a6_fk_applicati FOREIGN KEY (segment_id) REFERENCES public.application_segment(id) DEFERRABLE INITIALLY DEFERRED;


--
-- Name: application_manufacturer application_manufact_user_id_a34d0bb6_fk_applicati; Type: FK CONSTRAINT; Schema: public; Owner: tema
--

ALTER TABLE ONLY public.application_manufacturer
    ADD CONSTRAINT application_manufact_user_id_a34d0bb6_fk_applicati FOREIGN KEY (user_id) REFERENCES public.application_botuser(id) DEFERRABLE INITIALLY DEFERRED;


--
-- Name: application_offer application_offer_application_id_2612268e_fk_applicati; Type: FK CONSTRAINT; Schema: public; Owner: tema
--

ALTER TABLE ONLY public.application_offer
    ADD CONSTRAINT application_offer_application_id_2612268e_fk_applicati FOREIGN KEY (application_id) REFERENCES public.application_application(id) DEFERRABLE INITIALLY DEFERRED;


--
-- Name: application_offer application_offer_customer_id_cc43181d_fk_applicati; Type: FK CONSTRAINT; Schema: public; Owner: tema
--

ALTER TABLE ONLY public.application_offer
    ADD CONSTRAINT application_offer_customer_id_cc43181d_fk_applicati FOREIGN KEY (customer_id) REFERENCES public.application_customer(id) DEFERRABLE INITIALLY DEFERRED;


--
-- Name: application_offer application_offer_manufacturer_id_68e10085_fk_applicati; Type: FK CONSTRAINT; Schema: public; Owner: tema
--

ALTER TABLE ONLY public.application_offer
    ADD CONSTRAINT application_offer_manufacturer_id_68e10085_fk_applicati FOREIGN KEY (manufacturer_id) REFERENCES public.application_manufacturer(id) DEFERRABLE INITIALLY DEFERRED;


--
-- Name: application_offer application_offer_service_id_16aa717e_fk_applicati; Type: FK CONSTRAINT; Schema: public; Owner: tema
--

ALTER TABLE ONLY public.application_offer
    ADD CONSTRAINT application_offer_service_id_16aa717e_fk_applicati FOREIGN KEY (service_id) REFERENCES public.application_additionalservice(id) DEFERRABLE INITIALLY DEFERRED;


--
-- Name: application_offer application_offer_user_id_54155202_fk_application_botuser_id; Type: FK CONSTRAINT; Schema: public; Owner: tema
--

ALTER TABLE ONLY public.application_offer
    ADD CONSTRAINT application_offer_user_id_54155202_fk_application_botuser_id FOREIGN KEY (user_id) REFERENCES public.application_botuser(id) DEFERRABLE INITIALLY DEFERRED;


--
-- Name: application_packageitem application_packagei_package_id_661c320f_fk_applicati; Type: FK CONSTRAINT; Schema: public; Owner: tema
--

ALTER TABLE ONLY public.application_packageitem
    ADD CONSTRAINT application_packagei_package_id_661c320f_fk_applicati FOREIGN KEY (package_id) REFERENCES public.application_package(id) DEFERRABLE INITIALLY DEFERRED;


--
-- Name: application_userapply application_userappl_service_id_6f228e9e_fk_applicati; Type: FK CONSTRAINT; Schema: public; Owner: tema
--

ALTER TABLE ONLY public.application_userapply
    ADD CONSTRAINT application_userappl_service_id_6f228e9e_fk_applicati FOREIGN KEY (service_id) REFERENCES public.application_additionalservice(id) DEFERRABLE INITIALLY DEFERRED;


--
-- Name: application_userapply application_userappl_user_id_aaf63b0e_fk_applicati; Type: FK CONSTRAINT; Schema: public; Owner: tema
--

ALTER TABLE ONLY public.application_userapply
    ADD CONSTRAINT application_userappl_user_id_aaf63b0e_fk_applicati FOREIGN KEY (user_id) REFERENCES public.application_botuser(id) DEFERRABLE INITIALLY DEFERRED;


--
-- Name: auth_group_permissions auth_group_permissio_permission_id_84c5c92e_fk_auth_perm; Type: FK CONSTRAINT; Schema: public; Owner: tema
--

ALTER TABLE ONLY public.auth_group_permissions
    ADD CONSTRAINT auth_group_permissio_permission_id_84c5c92e_fk_auth_perm FOREIGN KEY (permission_id) REFERENCES public.auth_permission(id) DEFERRABLE INITIALLY DEFERRED;


--
-- Name: auth_group_permissions auth_group_permissions_group_id_b120cbf9_fk_auth_group_id; Type: FK CONSTRAINT; Schema: public; Owner: tema
--

ALTER TABLE ONLY public.auth_group_permissions
    ADD CONSTRAINT auth_group_permissions_group_id_b120cbf9_fk_auth_group_id FOREIGN KEY (group_id) REFERENCES public.auth_group(id) DEFERRABLE INITIALLY DEFERRED;


--
-- Name: auth_permission auth_permission_content_type_id_2f476e4b_fk_django_co; Type: FK CONSTRAINT; Schema: public; Owner: tema
--

ALTER TABLE ONLY public.auth_permission
    ADD CONSTRAINT auth_permission_content_type_id_2f476e4b_fk_django_co FOREIGN KEY (content_type_id) REFERENCES public.django_content_type(id) DEFERRABLE INITIALLY DEFERRED;


--
-- Name: django_admin_log django_admin_log_content_type_id_c4bce8eb_fk_django_co; Type: FK CONSTRAINT; Schema: public; Owner: tema
--

ALTER TABLE ONLY public.django_admin_log
    ADD CONSTRAINT django_admin_log_content_type_id_c4bce8eb_fk_django_co FOREIGN KEY (content_type_id) REFERENCES public.django_content_type(id) DEFERRABLE INITIALLY DEFERRED;


--
-- Name: django_admin_log django_admin_log_user_id_c564eba6_fk_user_user_id; Type: FK CONSTRAINT; Schema: public; Owner: tema
--

ALTER TABLE ONLY public.django_admin_log
    ADD CONSTRAINT django_admin_log_user_id_c564eba6_fk_user_user_id FOREIGN KEY (user_id) REFERENCES public.user_user(id) DEFERRABLE INITIALLY DEFERRED;


--
-- Name: user_user_groups user_user_groups_group_id_c57f13c0_fk_auth_group_id; Type: FK CONSTRAINT; Schema: public; Owner: tema
--

ALTER TABLE ONLY public.user_user_groups
    ADD CONSTRAINT user_user_groups_group_id_c57f13c0_fk_auth_group_id FOREIGN KEY (group_id) REFERENCES public.auth_group(id) DEFERRABLE INITIALLY DEFERRED;


--
-- Name: user_user_groups user_user_groups_user_id_13f9a20d_fk_user_user_id; Type: FK CONSTRAINT; Schema: public; Owner: tema
--

ALTER TABLE ONLY public.user_user_groups
    ADD CONSTRAINT user_user_groups_user_id_13f9a20d_fk_user_user_id FOREIGN KEY (user_id) REFERENCES public.user_user(id) DEFERRABLE INITIALLY DEFERRED;


--
-- Name: user_user_user_permissions user_user_user_permi_permission_id_ce49d4de_fk_auth_perm; Type: FK CONSTRAINT; Schema: public; Owner: tema
--

ALTER TABLE ONLY public.user_user_user_permissions
    ADD CONSTRAINT user_user_user_permi_permission_id_ce49d4de_fk_auth_perm FOREIGN KEY (permission_id) REFERENCES public.auth_permission(id) DEFERRABLE INITIALLY DEFERRED;


--
-- Name: user_user_user_permissions user_user_user_permissions_user_id_31782f58_fk_user_user_id; Type: FK CONSTRAINT; Schema: public; Owner: tema
--

ALTER TABLE ONLY public.user_user_user_permissions
    ADD CONSTRAINT user_user_user_permissions_user_id_31782f58_fk_user_user_id FOREIGN KEY (user_id) REFERENCES public.user_user(id) DEFERRABLE INITIALLY DEFERRED;


--
-- PostgreSQL database dump complete
--

\unrestrict KX1KnXwx8x1bbrYu8gim2MSUV4w4v46iwqTGeK9pUmEW8Q2vr9favN3krUDNVFH

